coefficient,mean,q05,q50,q95
beta_awareness,0.6862773622350747,0.5331027011884962,0.6839883556258768,0.844307292387307
beta_consideration,0.35622190245521856,0.24017643168952565,0.35618599206612467,0.4743897783217613
